greetings,,body
0.5090715048,,0.4355846928
0.5071531469,,0.4558889275
0.5070827164,,0.4608737928
0.507890045,,0.4458074989
0.5068617268,,0.4612052772
0.5075221987,,0.4530123597
